gender,specialization,interests,grade,mbti
Female,Computer Applications,Cloud computing,85,INTP
Male,Computer Science Engineering,Technology,66,INTJ
Female,Psychology,Understand human behaviour,65,INFJ
Female,Commerce,Sales/Marketing;Trading;Understand human behaviour;Home interior design,76,ESTJ
Female,Instrumentation Engineering,Technology,71,ISTP
Female,Computer Science Engineering,Technology,73,INTJ
Male,Commerce,"Research, Sales/Marketing",73,ESTJ
Male,Computer Science Engineering,Technology,74,INTJ
Male,Computer Science Engineering,Technology,69,INTJ
Female,Physics ,Research;Teaching;Technology;Understand human behaviour;Understand human body;Content Writing;Govt. Job;Service;Infrastructure,86,INTP
Male,Accountancy,Financial Analysis,64,ISTJ
Male,Automobile Engineering,"Take risk for Profits, Technology, Entrepreneurship",71,ESTP
Male,Marketing ,"Sales/Marketing;Trading;Understand human behaviour;Digital marketing;Market reserach;Agriculture, services;Construction Manegement",59,ESFJ
Male,Automation,Data analytics,69,ENTJ
Male,Computer Applications,Technology,71,INTP
Male,"Science,Maths, Engineering subject",Research;Technology;Data analytics;Govt. Job,69,INTP
Male,Computer Science Engineering,Financial Analysis;Research;Data analytics;Data scientist,65,INTJ
Male,Mechanical Engineering,Entrepreneurship,71,ISTP
Male,Electrical and Electronics Engineering,Technology,82,INTJ
Male,Structural Engineeeing ,Research;Teaching;Technology;Data analytics,74,INTJ
Male,Mining,Teaching;Technology;Industires,92,ISTP
Male,Computer Science Engineering,Financial Analysis;Research;Sales/Marketing;Technology;Data analytics,62,INTJ
Male,Mechanical Engineering,Technology;All fields related to Data science.;Industires;Information Technology,73,ISTP
Male,Accountancy ,Financial Analysis;News Coverage;Research;Sales/Marketing;Social Justice;Teaching;Technology;Trading;Understand human behaviour;Understand human body;Supply Chain Analysis;Data analytics;Govt. Job;Game industry;Digital marketing,80,ISTJ
Male,C language,Technology;Service,77,ISTP
Male,"C,c++, java",Teaching,69,ISTP
Male,Civil Engineering,Market reserach,75,ISTJ
Male,Mechanical Engineering,Design,73,ISTP
Male,Management,Financial Analysis,74,ENTJ
Male,Automobile Engineering,"Financial Analysis, Sales/Marketing, Technology, Entrepreneurship",85,ESTP
Female,Electronics and Communication Engineering,Embedded design,82,INTJ
Male,Computer Science Engineering,Research,75,INTJ
Male,Electronics and Communication Engineering,Technology,66,INTJ
Male,Sales and marketing,Sales/Marketing,55,ESFJ
Female,Economics,Sales/Marketing,85,INTJ
Male,Computer Science Engineering,Software Job,76,INTJ
Male,Computer Science Engineering,Financial Analysis;Technology;Trading;Data analytics,76,INTJ
Male,Mechanical Engineering,Trading,63,ISTP
Male,Computer science and business system,Financial Analysis;Technology;Web Designing;Web development;Social causes,88,ENTJ
Female,Pharmacy,Research,72,ISTJ
Female,Commerce,Financial Analysis,51,ESTJ
Female,Interior design,Home interior design,74,ISFP
Male,Commerce,Take risk for Profits,57,ESTJ
Female,Information Technology,Entrepreneurship,66,INTP
Male,Chemistry,Government jobs,74,INTP
Male,Computer Applications,Technology,76,INTP
Male,Automobile Engineering,"Research, Take risk for Profits, Understand Human Behaviour",76,ESTP
Male,Electrical and Electronics Engineering,"Information Technology,Blockchain",75,INTJ
Male,Computer Science Engineering,Software Job,74,INTJ
Male,Mechanical Engineering,Supply Chain Analysis;Data scientist;Machine Learning;Excel,88,ISTP
Male,Computer Science Engineering,Software Job,73,INTJ
Male,Mechanical Engineering,Trading;Data analytics;Govt. Job;Data scientist,78,ISTP
Male,Commerce ,Financial Analysis,63,ESTJ
Male,Physics,Technology,69,INTP
Male,Mechanical Engineering,Technology;Industires,74,ISTP
Male,Electronics and Communication Engineering,Research;Sales/Marketing;Teaching;Technology;Web Designing;Content Writing;Data analytics;Digital marketing;Data scientist;Web development;Market reserach;Social media marketing;Gardening;Service;Design;Information Technology;Machine Learning;Excel,87,INTJ
Female,Statistics ,Data analytics,69,INTP
Female,Computer Science Engineering,IT field ,69,INTJ
Female,Information TechNAlogy,"Research, Technology",90,INTP
Male,Commerce ,Blockchain,60,ESTJ
Male,Industrial Engineering ,Financial Analysis;Research;Trading;Understand human behaviour;Understand human body;Data analytics;Data scientist;Gardening,72,INTJ
Male,Mechanical Engineering,Technology;Supply Chain Analysis,61,ISTP
Male,High pressure die casting ,Technology,70,ISTP
Male,Accounting&Finance,Financial Analysis,83,ISTJ
Male,Computer Science Engineering ,Research;Technology;Data analytics;Design,68,Unknown
Female,Computer Science Engineering,Teaching;Technology;Web Designing,68,INTJ
Male,Information Technology,"Technology, Understand Human Behaviour, Understand Human Body",76,INTP
Female,Computer Science ,Technology;Data analytics;Data scientist;All fields related to Data science.,66,Unknown
Male,Computer Science ,Digital marketing;Market reserach,75,Unknown
Male,Mathematics,"Teaching, Technology",71,INTP
Female,Computer Applications,Technology,71,INTP
Male,Information Technology,Technology,76,INTP
Male,Electrical and Electronics Engineering,Software Job,79,INTJ
Male,Electrical and Electronics Engineering,All fields related to Data science.;Machine Learning;Sports Industry,74,INTJ
Male,Computer Science Engineering,Data scientist;Machine Learning,74,INTJ
Male,Accounting(business and management) ,Financial Analysis;Research;Sales/Marketing;Digital marketing,86,ISTJ
Male,Sales and Marketing,Sales/Marketing,72,ESFJ
Male,Civil Engineering,"Product Life cycle Management,",73,ISTJ
Male,Electrical and Electronics Engineering,Technology,80,INTJ
Female,Computer science ,Technology;Data analytics,78,INTJ
Male,Computer Science Engineering ,Web development,71,Unknown
Male,Computer Science Engineering,Technology;Supply chain analysis,85,INTJ
Male,Civil Engineering ,Financial Analysis;Data analytics;Home interior design;All fields related to Data science.;Construction;Construction Manegement;Project Management,68,ISTJ
Male,Statistics,Understand human behaviour,61,INTP
Male,Criminal manual,"Research, Sales/Marketing, Technology, Entrepreneurship",68,ISTJ
Male,Mechanical Engineering,Research;Technology;Supply Chain Analysis;Govt. Job,73,ISTP
Male,Electrical and Electronics Engineering,Research;Teaching;Technology;Trading,52,INTJ
Male,Electrical and Electronics Engineering,Research;Teaching;Technology;Trading;Understand human behaviour;Understand human body;Data scientist;Market reserach;Social media marketing;Industires,62,INTJ
Male,Mechanical Engineering,Market reserach;SAP Consultant in MM;Project Management,81,ISTP
Male,Electrical and Electronics Engineering,Data analytics,64,INTJ
Male,Mechanical engineering ,"Trading,Web Designing,Content Writing,Web development,Social media marketing",80,ISTP
Female,Computer Science Engineering,Financial Analysis,91,INTJ
Male,Accountancy,Entrepreneurship,88,ISTJ
Female,Agriculture,"Financial Analysis;Social causes;Information Technology;Agriculture, services;Excel",67,ISTP
Female,Company law,Data Analytics,73,ISTJ
Female,Electrical and Electronics Engineering,Research,52,INTJ
Female,Physics,Data Analytics,66,INTP
Female,Computer Science Engineering,Technology,70,INTJ
Female,Computer Applications,Technology;Information Technology ,71,INTP
Female,Computer Science Engineering,Financial Analysis,67,INTJ
Male,Accounting&Finance,Teaching;Technology;Data analytics;Govt. Job;Data scientist;All fields related to Data science.;Design;Machine Learning;Navy Defence related;Oil and Gas,80,ISTJ
Male,Electrical Machines,Financial Analysis,85,INTJ
Male,Finance,"Research,Understand human body,BioTechnology",83,ISTJ
Male,Biotechnology,Data Analytics,88,INTP
Prefer not to say,Automobile Engineering,Information Technology,47,ESTP
Female,Accountancy,Sales/Marketing,76,ISTJ
Male,Data Structures & Algorithm,Technology,73,ISTP
Female,Biotechnology,"Research, Technology, Entrepreneurship, Understand Human Body",87,INTP
Female,Commerce,Entrepreneurship,67,ESTJ
Male,Commerce,Take risk for Profits,77,ESTJ
Male,ManagementÃŠ,Sales/Marketing,0,ENTJ
Male,Computer Science Engineering,Machine Learning,85,INTJ
Male,Law,Social Justice;Social causes,74,INTJ
Female,Zoology,Understand human body;Data analytics;Data scientist,72,ISFJ
Male,Mechanical Engineering,Supply Chain Analysis;Content Writing;Data analytics,53,ISTP
Female,Computer Science Engineering,"Understand Human Behaviour, Understand Human Body",83,INTJ
Female,Electronics and Communication Engineering,Data analytics,80,INTJ
Male,constitution,Social Justice,73,INTJ
Male,Civil Engineering,Construction;Construction Manegement,83,ISTJ
Female,"Principal of programming language with C, MS Office Management Tools, Computer Organization, Mathematics, English.",Web Designing;Data analytics;Web development;Information Technology,86,INTJ
Female,Computer science ,Research;Technology;Data analytics;Data scientist;Web development,69,INTJ
Female,Microbiology,"Technology, Understand Human Body",84,ISTJ
Male,Electrical and Electronics Engineering,"Sales/Marketing, Take risk for Profits, Teaching, Entrepreneurship",61,INTJ
Male,Computer Science Engineering,Technology;Data analytics,67,INTJ
Male,Taxation,Financial Analysis;News Coverage;Social Justice;Teaching;Technology;Trading;Understand human behaviour,55,ISTJ
Male,Taxation,Financial Analysis;News Coverage;Social Justice;Teaching;Technology;Trading;Govt. Job;Data scientist;Social causes,55,ISTJ
Female,Biotechnology,"Research, Trading, Understand Human Behaviour",70,INTP
Male,Business Administration,"Financial Analysis, Research, Sales/Marketing, Trading, Entrepreneurship",68,ENTJ
Male,Taxation ,Sales/Marketing,60,Unknown
Male,Commerce,Financial Analysis;News Coverage;Sales/Marketing;Social causes;Construction;Construction Manegement,67,ESTJ
Male,Mechanical Engineering,Financial Analysis;Research;Sales/Marketing;Technology;Trading;Supply Chain Analysis;Data analytics;Data scientist;Market reserach;Service;All fields related to Data science.;Industires;Design;SAP Consultant in MM;Product Life cycle Management,63,ISTP
Male,Electronics & Telecom.,Financial Analysis,66,INTJ
Female,Civil Engineering,Research;All fields related to Data science.;Design,78,ISTJ
Male,Electrical and Electronics Engineering,Industires,63,INTJ
Male,Electronics and Communication Engineering,Trading;Data analytics;Data scientist;All fields related to Data science.,59,INTJ
Male,History ,Information Technology;Sports Industry;Salesforce Admin,64,ISFJ
Female,Computer Science Engineering,Web Designing;Data scientist,66,INTJ
Male,Thermal engineering,Teaching;Technology;Understand human body,67,ISTP
Male,Electrical and Electronics Engineering,Software developer,66,INTJ
Male,Civil Engineering,Teaching;Design,66,ISTJ
Male,Electronics and Communication Engineering,Teaching,66,INTJ
Male,Computer Science Engineering,"Data scientist,Web development,Social causes,All fields related to Data science,Machine Learning",72,INTJ
Male,Business Administration,"Sales/Marketing, Entrepreneurship",62,ENTJ
Female,Math,Govt. Job,60,INTP
Female,Biotechnology,Research;Sales/Marketing;Teaching;Trading;Understand human behaviour,62,INTP
Male,Hospitality,Hospitality ,85,ESFP
Male,Physics,News Coverage;Social Justice;Content Writing;Govt. Job,67,INTP
Male,Biotechnology,"Research,Understand human body,BioTechnology",70,INTP
Male,Artificial intelligence ,Data analytics,76,INTJ
Male,Information Technology,Technology,70,INTP
Female,Mathematics,News Coverage,75,INTP
Male,BiotechNAlogy,"Research,Understand human body,BioTechnology",84,INTP
Female,Zoology,Teaching,72,ISFJ
Female,PR,News Coverage;Content Writing,64,ENFP
Female,Political science ,Teaching,60,INTJ
Male,Mathematics,"Research, Technology",58,INTP
Male,Information TechNAlogy,All fields related to Data science.,54,INTP
Male,Statistics,Software and research,75,INTP
Female,Human Resource,Financial Analysis;Sales/Marketing;Trading;Understand human behaviour,77,ESFJ
Male,Civil Engineering,Teaching;Technology;Trading;Home interior design;Industires;Design,71,ISTJ
Male,Mathematics,"Financial Analysis, Sales/Marketing, Teaching",81,INTP
Male,Marketing,Financial Analysis;Sales/Marketing;Technology;Understand human behaviour;Understand human body;Supply Chain Analysis;Game industry,69,ESFJ
Male,Mechanical Engineering ,Technology;Supply Chain Analysis;SAP Consultant in MM,71,ISTP
Male,Electrical and Electronics Engineering,Software Job,79,INTJ
Male,Mechanical Engineering,Technology,65,ISTP
Female,Computer Science Engineering,Web Designing;Web development;Social media marketing;Information Technology,85,INTJ
Male,Accountancy,Financial Analysis,38,ISTJ
Male,Computer Science and Engineering,Software Job,76,INTJ
Female,Electronics and Communication Engineering,IT,74,INTJ
Male,Electronics and Communication Engineering,"Take risk for Profits, Technology",58,INTJ
Female,Electronics and communication engineering,Software Job,76,INTJ
Male,Mechanical Engineering,Software Job,73,ISTP
Female,Civil engineering,Technology,75,ISTJ
Male,Mechanical Engineering,Software Job,73,ISTP
Male,Automobile Engineering,Technology,84,ESTP
Male,Mechanical Engineering,Govt. Job,72,ISTP
Male,Mathematics,Web development,66,INTP
Male,Mechanical ,Technology,68,ISTP
Male,Business Administration,Entrepreneurship,87,ENTJ
Male,Computer Science Engineering,Technology;Trading;Understand human behaviour;Design,62,INTJ
Male,Human resources ,Financial Analysis;Research;Technology;Understand human behaviour;Data analytics;Game industry,51,ESFJ
Female,Computer Science Engineering,"Take risk for Profits, Teaching, Technology",58,INTJ
Female,Computers Science,Research;Technology;Web Designing;Content Writing;Digital marketing,77,INTJ
Male,Statistics ,Financial Analysis;Research;Sales/Marketing;Technology;Trading;Understand human behaviour;Understand human body;Supply Chain Analysis;Web Designing;Content Writing;Data analytics;Data scientist;Web development;Market reserach;Social media marketing;Gardening;Social causes,66,INTP
Male,MCA,Technology;Web Designing;Data analytics;Data scientist;Web development;All fields related to Data science.;Machine Learning,74,INTP
Male,Mechanical Engineering,Oil and Gas,81,ISTP
Male,Civil Engineering,"Take risk for Profits, Trading, Understand Human Behaviour",76,ISTJ
Male,Mathematics,Home interior design,64,INTP
Female,Computer Applications,Technology;Data analytics,80,INTP
Male,Automobile Engineering,Technology;Sports Industry,67,ESTP
Male,Microbiology,Research,84,ISTJ
Female,Computer Science Engineering,Technology;Web Designing;Data analytics,79,INTJ
Female,Computer science ,Web development,88,INTJ
Male,General,Understand human behaviour;Understand human body;Govt. Job;Industires,72,ISTP
Female,Computer Science Engineering,Web Designing,81,INTJ
Male,Civil Engineering,Industires;SAP Consultant in MM;Construction,66,ISTJ
Male,Civil Engineering,Construction;Construction Manegement;Urban Planning;Project Management,78,ISTJ
Male,Physics,Social Justice,74,INTP
Male,Mechanical Engineering,Technology,68,ISTP
Male,Mechanical Engineering,Technology,81,ISTP
Male,Physics,Social Justice,74,INTP
Male,Business Administration,"Financial Analysis, Sales/Marketing",60,ENTJ
Male,Computer Science Engineering,Technology;Data analytics;Data scientist,68,INTJ
Female,Communication & Political Science,Technology,66,ENTP
Male,Zoology,News Coverage;Understand human behaviour;Govt. Job,61,ISFJ
Male,Structural analysis ,Technology;Data analytics;Data scientist;Infrastructure;All fields related to Data science.;Design,65,INTJ
Male,Computers,Web Designing,65,INTJ
Female,Computer Science Engineering,Research;Social Justice;Understand human behaviour;Understand human body;Govt. Job,60,INTJ
Female,cost and work accounting,Data entry or telecalling work,58,ISTJ
Female,Computer Science Engineering,Financial Analysis;Technology;Data analytics,59,INTJ
Male,Electrical and Electronics Engineering,Technology;Data analytics,78,INTJ
Female,English ,Research;Teaching;Govt. Job;Design;Sports Industry,83,ISFJ
Female,Electronics and Communication Engineering,Data Analytics,79,INTJ
Male,Finance,Financial Analysis,61,ISTJ
Male,Mechanical Engineering,Technology;Data analytics;Data scientist,60,ISTP
Female,Civil Engineering,Technology,85,ISTJ
Male,Mechanical Engineering,Research;Technology;Industires;Design;Product Life cycle Management,74,ISTP
Male,Production Engineering,Financial Analysis;Technology;Supply Chain Analysis;Data analytics;Data scientist,66,ISTP
Male,Transportation Engineering,"Govt. Job;Agriculture, services;Construction Manegement;Excel",63,ISTP
Male,Automobile Engineering,Technology,76,ESTP
Male,Computer Science Engineering,"Data scientist,Web development,Social causes,All fields related to Data science.Machine Learning",67,INTJ
Male,Computer Application ,Technology,62,INTP
Male,Computer Science Engineering,"Data scientist,Web development,Social causes,All fields related to Data science,Machine Learning",76,INTJ
Female,Java,Information Technology,86,INTJ
Female,Physics,News Coverage;Research;Sales/Marketing;Social Justice;Teaching,68,INTP
Male,Electronics and Communication Engineering,"Research, Technology",74,INTJ
Female,Electronics and communication ,Data analytics;Social media marketing,68,INTJ
Male,Civil,Construction;Construction Manegement,79,ISTJ
Male,Mechanical Engineering,Data science and Artificial intelligence ,64,ISTP
Female,B.E complete,Sales/Marketing;Understand human body;Web Designing;Govt. Job;Gardening;Design,75,ISTJ
Male,Electronics and Communication Engineering,Technology;Data analytics;Data scientist;All fields related to Data science.,81,INTJ
Male,Engineering,"News Coverage, Technology",82,INTP
Female,Computer Science Engineering,Technology;Content Writing;Web development,65,INTJ
Male,Mechanical Engineering,Web Designing,76,ISTP
Male,Mechanical Engineering,Technology;Data scientist;Web development,75,ISTP
Male,History,Trading,72,ISFJ
Male,Computer Science Engineering,Technology;Trading;Data scientist,67,INTJ
Male,Electronics and Communication Engineering ,Technology,76,INTJ
Female,Physics,Teaching,66,INTP
Male,Automobile Engineering,Research;Teaching;Technology;Understand human behaviour;Understand human body;Data analytics;Game industry;Data scientist,60,ESTP
Male,Computer science ,Technology;Web Designing;Data analytics;Digital marketing;Data scientist;Web development;Social media marketing,82,INTJ
Female,Accounts,Financial Analysis;Understand human behaviour;Content Writing;Data analytics;Data scientist,57,ISTJ
Male,Automobile Engineering,Technology,78,ESTP
Male,Information Technology,"Research, Social Justice, Understand Human Body",74,INTP
Male,Electrical and Electronics Engineering,"Financial Analysis, Technology, Entrepreneurship",66,INTJ
Male,Computer Science Engineering,Mobile App Development,84,INTJ
Male,ZBC,Govt. Job,60,ISTJ
Female,English,Information Technology,71,Unknown
Female,Computer Applications ,Teaching;Technology;Web Designing;Content Writing,76,INTP
Female,Zoology,Understand Human Body,73,ISFJ
Male,Mechanical ,Service,59,ISTP
Male,Mechanical Engineering,Technology,75,ISTP
Male,Costing,Financial Analysis,65,ISTJ
Male,Automobile Engineering,"Sales/Marketing, Entrepreneurship",83,ESTP
Female,Commerce,Home interior design,75,ESTJ
Male,Automobile engineering ,Industires;Machine Learning;Automotive Textile machineryâ€™s ,59,ESTP
Male,Electrical and Electronics Engineering,Govt. Job,74,INTJ
Female,Electronics & Telecommunications ,"All fields related to Data science,Machine Learning",86,INTJ
Male,Electrical and Electronics Engineering,Data Analytics,76,INTJ
Male,Commerce,Financial Analysis,77,ESTJ
Male,Programming,"Technology,Trading",70,ISTP
Male,Civil Engineering,Financial Analysis;Sales/Marketing;Data analytics,72,ISTJ
Male,Finance,Technology,68,ISTJ
Male,Computer Science Engineering,"Take risk for Profits, Technology, Trading, Entrepreneurship",74,INTJ
Male,Automobile Engineering,Data analytics;Data scientist;All fields related to Data science.,80,ESTP
Female,Information Technology,Data scientist,70,INTP
Female,Computer Applications,Digital marketing;Data scientist;Social media marketing,33,INTP
Female,Statistics,Data analytics,87,INTP
Female,Computer science ,Technology;Data analytics;Data scientist;All fields related to Data science.,85,INTJ
Male,BiotechNAlogy ,Sales/Marketing;Trading;Retailer;Market reserach;Construction Manegement;Excel,70,INTP
Male,"Computer ( Languages like  .. C, C++ ,  Java,  C# ) ",Cloud computing,82,INTJ
Female,Computer Science Engineering,Financial Analysis,75,INTJ
Male,Commerce,Technology,66,ESTJ
Female,Electronics and communication engineering,Understand human body,89,INTJ
Male,Dental surgeon ,Hardware ,77,ISTP
Male,Electronics and Communication Engineering,Understand human body;Govt. Job,65,INTJ
Male,Biology,Technology;Data analytics;Data scientist,53,ISFP
Female,Electronics and Communication Engineering,Understand human behaviour;Social causes,70,INTJ
Male,IRPM,Research,63,ENTJ
Male,Mathematics,Production Supervisor ,64,INTP
Male,Mechanical Engineering ,Technology;Trading;Data analytics;Data scientist,57,ISTP
Male,Computer Science Engineering,"Financial Analysis, Research, Technology, Understand Human Behaviour, Understand Human Body",79,INTJ
Male,Computer Science Engineering,Technology,78,INTJ
Male,Computer Science Engineering,Cyber Secuirty,76,INTJ
Male,Electronics & Telecommunications ,Financial Analysis,75,INTJ
Male,Accountancy,Sales/Marketing;Digital marketing,69,ISTJ
Male,Mechanical engineering ,Data analytics;Data scientist,68,ISTP
Male,Electronics and Communication Engineering,News Coverage;Technology,72,INTJ
Female,Mathematics ,Teaching,83,INTP
Male,Psychology,Trading,58,INFJ
Male,Accountancy,"News Coverage, Social Justice",95,ISTJ
Male,Communication & Political Science,Data Analytics,86,ENTP
Male,Computer Science Engineering,Research,65,INTJ
Male,History,Research,65,ISFJ
Male,History,Software Job,74,ISFJ
Female,Electrical and Electronics Engineering,"Teaching, Entrepreneurship",85,INTJ
Female,Computer Science Engineering,Research;Game industry;Data scientist,83,INTJ
Male,Statistics ,Teaching;Web Designing;Data analytics;Govt. Job;Data scientist;All fields related to Data science.;SAP Consultant in MM;Information Technology;Machine Learning;Automotive Textile machineryâ€™s,72,INTP
Female,Mathematics ,Govt. Job,63,INTP
Male,Mathematics ,Information Technology,70,INTP
Male,Computer Applications ,Research;Data analytics;Data scientist,67,INTP
Male,Mechanical Engineering,News Coverage;Research;Social Justice;Technology;Trading;Understand human behaviour;Supply Chain Analysis;Data analytics;Digital marketing;Data scientist;Market reserach;Social media marketing,54,ISTP
Male,Mechanical Engineering,Sales/Marketing;Technology;Supply Chain Analysis;Govt. Job;Market reserach;Infrastructure;Design,67,ISTP
Female,Mechanical Engineering,Financial Analysis,74,ISTP
Male,Computer Science Engineering,"Financial Analysis;Sales/Marketing;Trading;Supply Chain Analysis;Data analytics;Industires;Blockchain;Salesforce Admin;Agriculture, services;Excel",95,INTJ
Male,Computer Software Engineer,Technology,82,INTJ
Female,Mechanical Engineering,Financial Analysis;News Coverage;Digital marketing,82,ISTP
Female,Finance ,Content Writing,66,ISTJ
Female,Arts,News Coverage;Understand human behaviour;Content Writing;Govt. Job;Social causes,75,ISFP
Female,Journalism,News Coverage;Digital marketing,71,ENFP
Female,Arts,Understand human behaviour,66,ISFP
Female,Accounts,Technology,84,ISTJ
Male,Statistics,Technology,73,INTP
Male,Electronics and Communication Engineering,Social media marketing;Design,81,INTJ
Male,Mechanical Engineering,Research;Technology;Data analytics;Data scientist,62,ISTP
Male,Mechanical Engineering,Sales/Marketing;Technology;Product Life cycle Management,66,ISTP
Male,Mechanical Engineering ,Supply Chain Analysis;Product Life cycle Management,63,ISTP
Male,Mechanical Engineering ,Service,75,ISTP
Male,Chemistry,Construction,70,INTP
Female,Civil engineering,Data analytics,78,ISTJ
Male,Computer Science Engineering,Technology;Data analytics;All fields related to Data science.,72,INTJ
Male,Computers,News Coverage;Research;Technology;Trading;Understand human behaviour;Understand human body,81,INTJ
Male,Mechanical Engineering ,Financial Analysis;Research;Teaching;Understand human behaviour;Web Designing;Data analytics,65,ISTP
Male,Accountancy,Data analytics;Data scientist;Machine Learning;Excel,76,ISTJ
Male,Mechanical Engineering,Teaching;Technology,71,ISTP
Male,Mechanical Engineering ,"Financial Analysis, Take risk for Profits, Trading, Understand Human Behaviour, Understand Human Body",66,ISTP
Female,Engineering,Technology;Web Designing,70,INTP
Male,Computer Science ,Technology,78,Unknown
Male,Mechanical Engineering,Supply Chain Analysis;Data analytics,71,ISTP
Male,Computer Science Engineering,Technology;Trading;Data analytics;Service,60,INTJ
Male,Management,Web Designing;Govt. Job;Web development,69,ENTJ
Female,Mechanical ,Research,86,ISTP
Female,Computer Science Engineering,Technology,62,INTJ
Female,Computer Science Engineering,Technology,71,INTJ
Male,Information TechNAlogy,Technology;Industires;Information Technology,86,INTP
Male,Instrumentation,Financial Analysis;Research;Technology;Data analytics,63,ISTP
Female,Electronics and Communication Engineering,"Technology,Teaching",68,INTJ
Male,Civil Engineering,Software engineer ,74,ISTJ
Male,Java Programming & Website Designing,Financial Analysis;Technology;Supply Chain Analysis;Data analytics;Data scientist;Web development;Service;Infrastructure,66,INTJ
Male,Pharmacy,Construction;Construction Manegement;Urban Planning,80,ISTJ
Female,Civil,Technology,62,ISTJ
Male,Computer Science Engineering,Web Designing;Web development,95,INTJ
Male,MATHEMATICS,Technology,79,INTP
Male,Chemistry,"Research, Teaching, Technology",84,INTP
Female,Automobile Engineering,"Financial Analysis, Teaching, Technology",70,ESTP
Male,Mathematics,Entrepreneurship,85,INTP
Male,Automobile Engineering,"Financial Analysis, Technology, Entrepreneurship, Understand Human Behaviour",79,ESTP
Female,Computer Science Engineering,Data analytics;Data scientist;Social media marketing,81,INTJ
Female,Information Technology,"Technology, Understand Human Behaviour",74,INTP
Male,Information Technology,Financial Analysis;News Coverage;Research;Sales/Marketing;Social Justice;Trading;Understand human behaviour;Understand human body;Supply Chain Analysis;Web Designing;Content Writing;Data analytics;Govt. Job;Game industry;Digital marketing;Home interior design;Retailer;Data scientist;Web development;Market reserach;Social media marketing;Social causes;All fields related to Data science.;Navy Defence related;Customer care;Urban Planning,75,INTP
Male,Accountancy,"Research, Sales/Marketing, Social Justice, Teaching, Technology, Entrepreneurship, Understand Human Behaviour",83,ISTJ
Male,Physics,Research,72,INTP
Female,Automobile Engineering,Technology;Govt. Job;Data scientist,80,ESTP
Male,Automobile Engineering,Data scientist;Machine Learning,82,ESTP
Male,"Mathematics, Statistics and Computer science",Mobile App Development,80,INTP
Male,Computer Science Engineering,Research;Teaching;Technology;Govt. Job,98,INTJ
Male,Computer Science Engineering,"Financial Analysis, Research, Technology",69,INTJ
Female,Programing language,Data analytics;Data scientist;SAP Consultant in MM;Cloud computing,65,ISTP
Male,Accountancy,Technology,86,ISTJ
Male,Computer Science Engineering,"Social Justice;Technology;Web Designing;Digital marketing;Web development;Market reserach;Social media marketing;Information Technology;Machine Learning;Agriculture, services",55,INTJ
Female,Electronics and Communication Engineering,Understand human behaviour;Data scientist;Web development,71,INTJ
Male,EcoNAmics,Content Writing,59,INTJ
Female,Information Science,"Teaching, Entrepreneurship",60,INTJ
Female,Vedio editing ,"Teaching, Entrepreneurship",57,ISFP
Female,Zoology,Financial Analysis;Govt. Job,81,ISFJ
Male,Computer Applications,"Machine Learning,All fields related to Data science",88,INTP
Male,Statistics,Trading,69,INTP
Male,Computer Science Engineering,Technology;Govt. Job,45,INTJ
Male,Accountancy,Social Justice,69,ISTJ
Male,EcoNAmics,Financial Analysis;Research;Sales/Marketing;Trading,78,INTJ
Male,Finance ,Financial Analysis;Technology;Trading;Data analytics;All fields related to Data science.;Information Technology;Blockchain ,74,ISTJ
Male,Computer Engineering ,Research;Technology;Web Designing;Data analytics;Govt. Job,76,INTJ
Male,"C, C++, Java, SQL, MySQL, Unix, HTML, Mathematics, Statistics",Construction Manegement ,71,ISTP
Female,Civil Engineering,Technology;Data analytics;Data scientist;Web development,74,ISTJ
Female,Computer Science Engineering,News Coverage;Understand human behaviour;Content Writing;Digital marketing,78,INTJ
Female,Chemistry,"Research, Understand Human Behaviour, Understand Human Body",76,INTP
Male,Botany,Technology,57,ISFJ
Female,Computer Science Engineering,Financial Analysis,59,INTJ
Female,Accounting ,Data scientist;Information Technology,89,ISTJ
Female,Computer Science Engineering,Teaching,62,INTJ
Male,Political science ,Teaching,59,INTJ
Male,Computer Science Engineering,Technology,79,INTJ
Female,Cse,Entrepreneurship,74,INTJ
Male,Automobile Engineering,Design,60,ESTP
Male,N.A,"Research, Teaching, Geography and Geology ",71,ISTP
Male,Electrical and Electronics Engineering,Construction,68,INTJ
Male,Building material and construction ,Research,58,ISTP
Male,Computer Science Engineering,Technology,76,INTJ
Female,Computer Science Engineering,Financial Analysis;Understand human behaviour,70,INTJ
Male,Computer Applications,"Technology,Entrepreneurship",79,INTP
Male,Computer Science Engineering,Financial Analysis,69,INTJ
Male,Engineering,Industires,81,INTP
Female,Mechanical Engineering,News Coverage;Technology;Understand human behaviour;Understand human body;Data analytics;Home interior design,86,ISTP
Female,Computer applications ,Research;Data analytics;Data scientist;All fields related to Data science.,81,INTP
Female,Electronics and Instrumentation Engineering,"Financial Analysis, Research, Take risk for Profits, Technology, Trading",68,INTJ
Male,MathematicsÃŠ,Sales/Marketing,66,INTP
Male,Finance and HRÃŠ,Sales/Marketing,66,ENTJ
Male,Business Administration,Sales/Marketing,66,ENTJ
Male,Sales & Marketing,Technology;Data analytics;Game industry,60,ESFJ
Male,Computer science ,Technology,60,INTJ
Male,Computer Science Engineering,Financial Analysis;Data analytics;Social media marketing,56,INTJ
Female,Information Technology,Research;Technology;Data analytics;Data scientist,75,INTP
Male,Computer Science Engineering,"Sales/Marketing, Teaching, Entrepreneurship",85,INTJ
Male,Automobile Engineering,Statistical Programmer ,65,ESTP
Male,electronic ,Financial Analysis,66,INTJ
Male,ECR,Financial Analysis,69,ISTP
Female,Accountancy,Technology,66,ISTJ
Male,Computer Science Engineering,Technology;Understand human behaviour;Understand human body;Data scientist,60,INTJ
Female,CSIT,Technology;Data analytics;Data scientist;Information Technology,57,INTJ
Female,Information TechNAlogy (IT),Information Technology,73,INTP
Male,Electrical and Electronics Engineering,Understand Human Behaviour,80,INTJ
Female,Engineering,Data analytics,73,INTP
Male,Electrical and Electronics Engineering,Software Job,74,INTJ
Female,Mechanical Engineering,Technology,87,ISTP
Female,Computer Science Engineering,Technology,57,INTJ
Male,Electrical and Electronics Engineering,"Research, Technology",89,INTJ
Female,Computer Science Engineering,Financial Analysis;Sales/Marketing;Govt. Job;Game industry;Digital marketing;Web development;Market reserach;Industires;Design,65,INTJ
Male,Commerce,"Research, Technology, Entrepreneurship",88,ESTJ
Male,Automobile Engineering,Technology,70,ESTP
Female,Mechanical Engineering,Social Justice;Understand human behaviour;Gardening,54,ISTP
Female,English,"Research, Technology",62,Unknown
Male,Electronics and Communication Engineering,Software ,69,INTJ
Female,Electronics and Communication Engineering,Technology,79,INTJ
Male,Automobile Engineering,Engineering,76,ESTP
Female,Engineering,Financial Analysis,76,INTP
Female,Commerce,Technology;Data scientist;Machine Learning,60,ESTJ
Female,Electrical and Electronics Engineering,Teaching,79,INTJ
Female,PHYSICS ,Technology,79,INTP
Male,Computer Applications,"Social Justice, Technology",81,INTP
Male,Automobile Engineering,Technology,73,ESTP
Male,Java ,Data analytics;Data scientist,66,INTJ
Male,electrical engineering,Data scientist,66,ISTJ
Male,Electronics and Communication Engineering,"Research, Social Justice, Teaching",81,INTJ
Male,Civil Engineering,Sales/Marketing,66,ISTJ
Male,Automobile Engineering,Financial Analysis;Research;Technology;Game industry ,67,ESTP
Male,"Electrical, Electronics and Power Engineering ",Research;Game industry;Digital marketing;Data scientist;All fields related to Data science.;Information Technology;Blockchain,67,INTJ
Male,"Electrical, Electronics and Power Engineering ",Entrepreneurship,64,INTJ
Male,Information TechNAlogy,Technology;Data analytics;Data scientist;All fields related to Data science.,71,INTP
Female,Mechanical Engineering,Financial Analysis;Sales/Marketing;Data analytics,43,ISTP
Male,Insurance ,Entrepreneurship,74,ISTJ
Male,Commerce,Teaching,71,ESTJ
Male,Computer Science Engineering,"Technology, Entrepreneurship",71,INTJ
Male,Information TechNAlogy,"Research, Sales/Marketing, Entrepreneurship",66,INTP
Female,Information TechNAlogy,"Social Justice;Teaching;Govt. Job;Agriculture, services",78,INTP
Male,Geography ,Govt. Job,83,ISFP
Female,Mining,Sales/Marketing,68,ISTP
Female,EcoNAmics ,Sales/Marketing,68,INTJ
Male,EcoNAmics ,Financial Analysis,77,INTJ
Male,Finance,Understand human body,86,ISTJ
Male,Biotechnology,Technology,85,INTP
Male,Computer Science Engineering,Research;Understand human behaviour;Understand human body;Web Designing;Content Writing;Game industry,53,INTJ
Female,English,Web Designing,78,Unknown
Male,Computer Science Engineering,Teaching,77,INTJ
Female,Computer Science Engineering,Research;Sales/Marketing;Technology;Understand human behaviour,69,INTJ
Female,Mechanical engineering ,Data scientist,71,ISTP
Male,Computers ,Technology;Data analytics,64,Unknown
Male,Mechanical engineering ,Data analytics;Data scientist,64,ISTP
Male,Mechanical engineering ,Sales/Marketing;Teaching;Technology,78,ISTP
Female,Electrical and Electronics Engineering,Technology;Govt. Job;Design,66,INTJ
Male,Mechanical Engineering,"Teaching;Technology;Design;Agriculture, services",75,ISTP
Male,Automobile Engineering,Technology,56,ESTP
Male,Computer Science Engineering,Entrepreneurship,74,INTJ
Female,Civil Engineering,Music,78,ISTJ
Male,Computer Science Engineering,Teaching;Technology;Trading,66,INTJ
Male,Engineering,"Take risk for Profits, Technology, Understand Human Behaviour, Understand Human Body",63,INTP
Male,Automobile Engineering,"Web development,Social causes,All fields related to Data science,Machine Learning,Data scientist",84,ESTP
Male,Computer Science Engineering,"Research,Understand human body,BioTechnology",71,INTJ
Male,Biotechnology,Technology,86,INTP
Male,Electronics & Telecommunications Engineering,Sales/Marketing,50,INTJ
Female,Computer Applications,Technology,76,INTP
Male,Computer Science Engineering,Game industry,70,INTJ
Male,Computer science ,"Research,Understand human body,BioTechnology",88,INTJ
Male,Biotechnology,Litigation & Legal service,68,INTP
Female,Law,Data analytics,77,INTJ
Male,Electronics and Communication Engineering,Data analytics,80,INTJ
Male,Computer Science & Engineering,Design,68,INTJ
Male,Engineering graphics,In IT services,66,ISTP
Female,Computer Science Engineering,Sales/Marketing,75,INTJ
Female,Information Technology,Technology,86,INTP
Male,Electrical and Electronics Engineering,"Financial Analysis, Research, Technology, GIS",73,INTJ
Male,Mechanical Engineering,Technology,65,ISTP
Female,Communication & Political Science,Technology,62,ENTP
Female,Computer Science Engineering,Sales/Marketing;Design,64,INTJ
Male,Chemical engineering,"Research, Understand Human Behaviour, Understand Human Body",81,INTJ
Male,Psychology,Sales/Marketing,53,INFJ
Female,Political science,"Technology, Trading, Entrepreneurship",81,INTJ
Female,Mechanical Engineering,Technology;Content Writing;Home interior design;Compering,67,ISTP
Male,Electronics and Communication Engineering,Technology,78,INTJ
Male,Automobile Engineering,SAFETY,67,ESTP
Female,Automobile Engineering,Project Management,87,ESTP
Male,Computer Science Engineering,Technology,94,INTJ
Male,Computer,"Take risk for Profits, Teaching, Technology, Entrepreneurship, Understand Human Behaviour",74,INTJ
Male,Computer Science Engineering,"Financial Analysis, Research, Technology, Trading",83,INTJ
Male,Computer Science Engineering,Technology;Data analytics;Data scientist,74,INTJ
Male,Oops,Further Studies,59,ISTP
Male,Mechanical Engineering,"Financial Analysis, News Coverage",86,ISTP
Male,Taxation & Law,Data analytics;Web development;All fields related to Data science.,63,ISTJ
Female,Mechanical(CAD/CAM) ,Data analytics;Data scientist;Information Technology,68,ISTP
Male,Electronics and Instrumentation Engineering,Software Job,79,INTJ
Female,Mechanical Engineering,"Teaching, Software and hardware engineering jobs",80,ISTP
Male,Electrical and Electronics Engineering,Software Job,79,INTJ
Male,Electrical and Electronics Engineering,Financial Analysis,75,INTJ
Male,Commerce,Software Job,66,ESTJ
Male,Electrical and Electronics Engineering,"Plant Automation,Sales/Marketing",76,INTJ
Female,Electrical and Electronics,Financial Analysis;Research;Teaching;Home interior design,94,INTJ
Female,Agriculture Engineering ,Sales/Marketing,86,ISTP
Male,Computer,Sales/Marketing,72,INTJ
Male,Sales & Marketing,Technology;Service;Social causes;Industires;Design,66,ESFJ
Male,Electronics and Communication Engineering,Technology;Industires;Sports Industry,74,INTJ
Female,Electronics and Communication Engineering,Financial Analysis;Research;Sales/Marketing;Trading;Supply Chain Analysis,62,INTJ
Male,BPS,"News Coverage, Research, Teaching, Technology, Entrepreneurship, Understand Human Behaviour, Understand Human Body",83,ISTJ
Male,Computer Science Engineering,News Coverage;Research;Teaching;Technology;Understand human behaviour;Web Designing;Content Writing;Data analytics;Game industry;Web development;Market reserach;Service;Infrastructure,83,INTJ
Male,Computers,Infrastructure,64,INTJ
Female,Civil Engineering,Technology,81,ISTJ
Female,Information TechNAlogy,News Coverage;Social Justice;Teaching;Technology;Understand human behaviour;Web Designing;Content Writing;Data analytics;Digital marketing;Home interior design;Web development;Social media marketing;Gardening;Service;Social causes;Industires;Design;Navy Defence related,84,INTP
Male,Information TechNAlogy,"Research, Technology, Trading",84,INTP
Male,Mathematics,Technology,76,INTP
Female,Physics,Web development,76,INTP
Female,Java ,Web Designing,65,INTJ
Female,Computer,Understand Human Behaviour,85,INTJ
Male,Home science,Trading,81,ISFJ
Female,Communication & Political Science,Medicine,87,ENTP
Female,Pharmacy,"Research,Understand human body,BioTechnology",76,ISTJ
Female,BiotechNAlogy,Business analytics ,65,INTP
Male,Electronics and Communication Engineering,Understand human behaviour;Game industry;Blockchain,72,INTJ
Female,Electrical and Electronics Engineering,Trading;Understand human body;Digital marketing,69,INTJ
Male,General,Technology;Trading;Web Designing;Govt. Job,62,ISTP
Female,Engineering ,Teaching;Govt. Job,76,INTP
Male,Automobile engineering ,Financial Analysis;Understand human behaviour;Industires;Blockchain,71,ESTP
Female,Mechanical Engineering,Construction;Construction Manegement,74,ISTP
Male,Mechanical Engineering,Construction;Construction Manegement,80,ISTP
Female,Computer Science Engineering,Industires,70,INTJ
Male,Mathematics,"Cyber Security,Technology,Data analytics,Machine Learning,Cloud computing",84,INTP
Male,Accounting,Technology;Trading;Game industry;Information Technology,56,ISTJ
Male,Civil Engineering,"Research, Sales/Marketing, Social Justice, Take risk for Profits, Technology, Trading, Entrepreneurship, Understand Human Behaviour",66,ISTJ
Male,Civil Engineering,Research;Social Justice;Technology;Trading;Understand human behaviour;Supply Chain Analysis;Data analytics;Govt. Job;Game industry;Digital marketing;Data scientist;Web development;Market reserach;Social media marketing;Gardening;Service;Social causes,66,ISTJ
Male,Mechanical engineering ,News Coverage;Research;Sales/Marketing;Social Justice;Technology;Trading;Understand human behaviour;Understand human body;Supply Chain Analysis;Content Writing;Data analytics;Govt. Job;Game industry;Digital marketing;Data scientist;Web development;Market reserach;Social media marketing;Service;Infrastructure;Social causes;All fields related to Data science.;Industires;Design;SAP Consultant in MM;Information Technology;Product Life cycle Management;Navy Defence related;Sports Industry;Blockchain;Salesforce Admin,66,ISTP
Male,Electronics & Telecommunications ,"Sales/Marketing, Technology",67,INTJ
Male,Computer science ,Railway Engineering,76,INTJ
Male,Mathematics,Financial Analysis;Research;Data analytics;Data scientist;Social media marketing;Machine Learning,63,INTP
Male,Mathematics,Technology;Web Designing,70,INTP
Female,Mathematics,Data analytics;Govt. Job,60,INTP
Male,Automobile Engineering,Govt. Job,67,ESTP
Male,Civil Engineering,Technology,78,ISTJ
Female,Computer Science Engineering,"Embedded Systems,Technology",74,INTJ
Female,Electrical and Electronics Engineering,Teaching;Technology;Digital marketing;Gardening,85,INTJ
Female,Chemistry,"Research, Technology",53,INTP
Female,Accounts,Data analytics;Data scientist,58,ISTJ
Female,Computer,Teaching;Understand human body,71,INTJ
Female,Electronics and Communication Engineering,News Coverage,81,INTJ
Male,Electrical engineering ,Data analytics;Data scientist,60,ISTJ
Male,Physics,Financial Analysis;Oil and Gas;Construction,68,INTP
Male,Data science,Research;Data analytics;Data scientist,57,INTJ
Male,Medical electronics,Technology;Supply Chain Analysis,56,ISTJ
Male,Computer Science Engineering,Technology;Web Designing;Data analytics;Govt. Job;Information Technology,71,INTJ
Male,Electronics and Communication Engineering,Research;Technology,66,INTJ
Male,Computer Science Engineering,News Coverage;Research;Sales/Marketing;Social Justice;Technology;Trading;Market reserach;Industires;Design,59,INTJ
Female,Mechanical Engineering,Technology,60,ISTP
Female,Commerce,Singing,80,ESTJ
Male,Computer Science Engineering,Sales/Marketing,66,INTJ
Female,Physics ,Technology;Data analytics;Game industry;Data scientist;Information Technology;Excel,77,INTP
Male,computer science,Technology,66,INTJ
Female,Electronics and Communication Engineering,Financial Analysis,70,INTJ
Female,Accountancy,Govt. Job;Gardening;Teaching,68,ISTJ
Female,English,Further Studies,76,Unknown
Male,Electrical and Electronics Engineering,Sales/Marketing;Understand human behaviour,56,INTJ
Male,Economics,"Financial Analysis, Teaching, Technology, Trading",66,INTJ
Male,Computer Science Engineering,Technology;SAP Consultant in MM;Machine Learning;Oil and Gas,74,INTJ
Male,Mechanical Engineering,"Financial Analysis, Sales/Marketing, Take risk for Profits, Entrepreneurship",77,ISTP
Male,Business Administration,Technology;Web Designing;Content Writing;Game industry;Data scientist;Web development;Design;Information Technology;Blockchain,57,ENTJ
Female,Principles of Programming Through C Language,Teaching;Govt. Job,50,INTJ
Female,Education,"Financial Analysis, Take risk for Profits, Technology, Understand Human Behaviour",36,ENFJ
Female,Computer Science Engineering,Data analytics,78,INTJ
Female,Digital Signal Processing,Technology;Information Technology,70,INTJ
Female,Instrumentation Engineering,Social Justice;Social causes,68,ISTP
Female,Law,Sales/Marketing;Retailer;Market reserach,74,INTJ
Female,Fashion designing ,Research;Teaching;Technology;Govt. Job,89,ISFP
Male,Physics ,Industires,65,INTP
Male,Mathematics,Technology;Information Technology;Sports Industry,88,INTP
Male,Computer Science  Engineering,"Sales/Marketing, Entrepreneurship",82,INTJ
Male,Accountancy,Web Designing;Data analytics;Digital marketing;Data scientist,70,ISTJ
Male,C programming ,Sales/Marketing,65,ISTP
Male,Mechanical ,Technology,78,ISTP
Male,Psychology,Further Studies,71,INFJ
Male,BA,Data scientist,62,ISFP
Male,Commerce,Sales/Marketing,66,ESTJ
Male,Automobile ,Sales/Marketing,79,ESTP
Male,Sales & Marketing,Take risk for Profits,60,ESFJ
Male,Marketing analyticsÃŠ,Marketing ,68,ESFJ
Male,Statistics ,Technology;Govt. Job;Data scientist,77,INTP
Male,Accountancy,Financial Analysis,66,ISTJ
Male,Renual resources and energy,Trading,77,ENTP
Male,Electrical sciences,Sales/Marketing;Technology;Data analytics,68,ISTJ
Male,General,Teaching;Social causes,66,ISTP
Female,Computer Science Engineering,Technology,68,INTJ
Female,Computer Science,Govt. Job,80,INTJ
Male,Mechanical Engineering,"Take risk for Profits, Technology, Entrepreneurship",95,ISTP
Male,Mathematics,Data analytics,94,INTP
Male,data analysis,Data analytics;Machine Learning,70,INTP
Male,MM,Research;Technology,65,INTP
Male,Mechanical Engineering,Technology,75,ISTP
Male,Computer Science ,Technology,81,Unknown
Male,Civil,All fields related to Data science.,50,ISTJ
Male,Economics,Financial Analysis,69,INTJ
Male,Mechanical Engineering,Research;Technology,60,ISTP
Male,Computer Science Engineering,Teaching;Technology;Trading,62,INTJ
Female,Applied Geology ,Govt. Job,79,ISTP
Female,Computer Science Engineering,Technology,71,INTJ
Female,Journalism,Research;Teaching;Content Writing,72,ENFP
Male,Automobile Engineering,"Social Justice, Take risk for Profits, Technology, Understand Human Behaviour",75,ESTP
Female,finances,Financial Analysis;Understand human behaviour;Govt. Job,76,ISTJ
Female,Information TechNAlogy,Technology,64,INTP
Male,Computer Science Engineering,Digital marketing;Data scientist;Web development;All fields related to Data science.,86,INTJ
Male,Mechanical Engineering,Research;Technology;Supply Chain Analysis;Information Technology,71,ISTP
Female,Electrical and Electronics Engineering,Data scientist,72,INTJ
Male,Engineering,"Research, Sales/Marketing, Entrepreneurship, Operations",70,INTP
Male,Computer Science and Engineering,Technology,66,INTJ
Female,Electrical and Electronics Engineering,"Technology,Entrepreneurship",68,INTJ
Male,Mechanical Engineering,Financial Analysis;News Coverage;Research;Sales/Marketing;Social Justice;Technology;Web Designing;Content Writing;Data analytics;Digital marketing;Data scientist;Web development;Market reserach;Social media marketing;Blockchain;Salesforce Admin;Construction;Construction Manegement,78,ISTP
Male,Computer Applications,Sales/Marketing;Technology;Understand human behaviour;Data analytics;Game industry;Data scientist;Web development,56,INTP
Male,Accountancy,"Financial Analysis, Entrepreneurship",76,ISTJ
Male,Business Administration,Sales/Marketing,76,ENTJ
Female,Commerce,News Coverage,92,ESTJ
Female,Commerce,News Coverage,66,ESTJ
Male,Mechanical Engineering,Design,78,ISTP
Male,Civil engineering,Technology;Data analytics;Data scientist,67,ISTJ
Male,Information Technology,Web Designing;Data analytics;Digital marketing;Data scientist,87,INTP
Male,Mathematics ,Financial Analysis;Research;Social Justice;Data analytics;Data scientist;Web development;Social media marketing,81,INTP
Male,Electrical and Electronics Engineering,Software Job,77,INTJ
Male,Computer Science Engineering,Software Job,76,INTJ
Male,Mechanical Engineering,Technology,55,ISTP
Female,Accountancy,Financial Analysis,66,ISTJ
Male,Biotechnology,"Research, Technology",83,INTP
Female,Computer Science Engineering,Technology,70,INTJ
Male,Computer Science Engineering,Technology;Service;Social causes;All fields related to Data science.,82,INTJ
Male,Mechanical Engineering,Design,78,ISTP
Male,Mechanical Engineering,Technology;Trading;Data analytics,76,ISTP
Male,Electrical Engineering,Technology;Understand human behaviour;Web Designing;Web development,74,INTJ
Female,Mechanical engineering ,Financial Analysis;News Coverage;Technology;Supply Chain Analysis,81,ISTP
Male,Electrical and Electronics,Further Studies,70,INTJ
Male,Mechanical Engineering,Web Designing;Data analytics;Govt. Job;Game industry;Data scientist;All fields related to Data science.;Industires,64,ISTP
Male,Mining,Social Justice;Technology;Industires,84,ISTP
Female,Electronics and Communication Engineering,Teaching,76,INTJ
Female,Mathematics ,Research;Data analytics;Data scientist;Market reserach;Social causes,74,INTP
Male,Electrical and Electronics Engineering,"Cloud computing,Technology,Data analytics,Machine Learning,Cyber Security",72,INTJ
Male,Information TechNAlogy,Technology,68,INTP
Male,Electrical and Electronics Engineering,"Financial Analysis, Technology",82,INTJ
Female,Electronics & Telecommunications Engineering,Sales/Marketing,60,INTJ
Male,Computer Science Engineering,Sales/Marketing,73,INTJ
Male,Engineerinh,Web Designing;Game industry;Web development,66,ISTP
Male,C++,Higher Studies,81,ISTP
Male,Sales & Marketing,Technology;Blockchain,88,ESFJ
Male,C programming ,Research;Technology;Game industry;Product Life cycle Management,73,ISTP
Male,Mechanical Engineering,Sales/Marketing;Digital marketing;Social media marketing,74,ISTP
Female,Electronics and Communication Engineering,Application Development,74,INTJ
Male,Chemical Engineering ,Financial Analysis,80,INTJ
Female,AutoCAD,Technology,75,ISTP
Female,Electronics and Communication Engineering,Design,71,INTJ
Female,Computer Science Engineering,Entrepreneurship,83,INTJ
Male,Electronics and Communication Engineering,Technology;Govt. Job;Industires;Design,64,INTJ
Male,Mechanical Engineering,Technology,71,ISTP
Female,Accountancy,"Teaching, Technology, Entrepreneurship",65,ISTJ
Female,Mechanical Engineering,Research,59,ISTP
Female,Computer Science Engineering,Technology,69,INTJ
Female,Physics,"Financial Analysis, Research, Social Justice, Take risk for Profits, Trading, Understand Human Behaviour",65,INTP
Male,Electronics and Communication Engineering,Market reserach;Design,86,INTJ
Male,Electronics and Communication Engineering,Financial Analysis,56,INTJ
Female,Statistics,Data analytics;Govt. Job;Data scientist;Web development,76,INTP
Male,Design,Data scientist,74,ISTP
Female,Finance,Financial Analysis;Research;Technology;Understand human behaviour;Understand human body;Supply Chain Analysis;Content Writing;Govt. Job;Home interior design;Social causes;Design,80,ISTJ
Male,Computer Science,Financial Analysis,76,INTJ
Female,Civil Engineering,"Sales/Marketing, Trading, Entrepreneurship",64,ISTJ
Female,"Accounting, designing",Research;Technology;Data analytics,70,ISTJ
Female,Mechanical Engineering,Research;Technology;Understand human behaviour;Data analytics;Govt. Job;Home interior design;Retailer;Data scientist;Web development;Market reserach;Social media marketing;All fields related to Data science.,73,ISTP
Female,Business Administration,Home interior design,60,ENTJ
Female,Computer Science Engineering,"Web development,Information Technology,Blockchain,Digital marketing,Game industry",82,INTJ
Male,Electrical and Electronics Engineering,Financial Analysis;Govt. Job,78,INTJ
Male,Dietician,"News Coverage, Research, Teaching, Technology",80,ISFJ
Male,Computer Science Engineering,Technology,85,INTJ
Male,Commerce,News Coverage;Content Writing;Social media marketing,70,ESTJ
Female,Computer Science Engineering,Technology;Data scientist,66,INTJ
Female,Automobile Engineering,Machine Learning,67,ESTP
Female,"Reporting, Anchoring, Tv Journalism, Advertising & Radio ",Software,67,ENFP
Female,Computer Science Engineering,Technology,67,INTJ
Male,Aerospace engineering,Financial Analysis;Research;Data analytics;Data scientist,65,INTJ
Male,Aerospace Engineering,Financial Analysis;Research;Data analytics;Web development;All fields related to Data science.,65,Unknown
Female,Electrical and Electronics Engineering,Technology,79,INTJ
Female,Computer Science Engineering,Technology,66,INTJ
Male,Computers,Content Writing,75,INTJ
Male,Mechanical Engineering,Research;Sales/Marketing;Social Justice;Technology;Understand human behaviour;Data analytics,50,ISTP
Male,Computer Science Engineering,Trading;Web Designing;Data analytics;Govt. Job,63,INTJ
Male,Computer Science Engineering,Technology,80,INTJ
Male,Mobile communications ,Technology;Web Designing;Web development,57,INTJ
Male,Accountancy,"Financial Analysis, Take risk for Profits, Entrepreneurship",62,ISTJ
Male,Electronics and Communication Engineering,Data Analytics,76,INTJ
Male,Computer Science Engineering ,All fields related to Data science.,75,Unknown
Male,Electronics and Communication Engineering,Technology;Data analytics;Data scientist,79,INTJ
Female,Commerce,Financial Analysis,70,ESTJ
Male,Electrical and Electronics Engineering,Further Studies,72,INTJ
Male,Electrical and Electronics Engineering,Software Job,86,INTJ
Female,Computers,Research;Teaching;Data analytics,70,INTJ
Female,Computer Science Engineering,Financial Analysis;Research;Technology;Data analytics;Digital marketing,87,INTJ
Female,Computer Science Engineering,Technology;Web Designing;Data analytics;All fields related to Data science.,71,INTJ
Male,Electronics and Communication Engineering,"VLSI,Technology",75,INTJ
Male,Electrical Engineering ,Sales/Marketing;Data scientist,60,INTJ
Male,Computer Science Engineering,Teaching,86,INTJ
Male,Animation,Animation,71,ISFP
Male,Accounts,Financial Analysis;Technology;Data analytics,70,ISTJ
Male,Civil Engineering,Construction and development,78,ISTJ
Female,pharma D,Social causes,88,ISTJ
Female,Sales & Marketing,Technology,74,ESFJ
Female,Computer Applications,Financial Analysis,63,INTP
Male,Civil Engineering,Construction;Urban Planning,70,ISTJ
Male,Civil Engineering,Financial Analysis;Industires;Design;Urban Planning;Project Management,67,ISTJ
Male,Computer Science Engineering,"Teaching, Technology, Understand Human Behaviour, Understand Human Body",73,INTJ
Female,Statistics,"Research, Teaching, Entrepreneurship, Understand Human Behaviour",88,INTP
Male,Hindi Education and Geography ,Financial Analysis;Understand human behaviour;Understand human body;Data analytics;Govt. Job,79,ISFJ
Male,"Software engineering, java programming, web development ",Technology;Trading;Web Designing;Data analytics;Govt. Job;Data scientist,80,INTJ
Female,Kathak dance,Teaching;Govt. Job,55,ISFP
Male,Mechanical Engineering ,Financial Analysis;Research;Teaching;Technology;Trading;Data analytics;Data scientist;Gardening,60,ISTP
Female,Electrical and Electronics Engineering,Software Job,86,INTJ
Male,Automobile Engineering,Research,87,ESTP
Male,Biotechnology,"Research,Understand human body,BioTechnology",74,INTP
Female,Civil Engineering,Construction;Construction Manegement;Urban Planning,78,ISTJ
Male,Computer Science Engineering,"Technology,Entrepreneurship",78,INTJ
Male,Mechanical Engineering,Research;Technology,62,ISTP
Female,Mathematics,"Financial Analysis, News Coverage, Social Justice, Teaching",75,INTP
Male,Biological sciences ,Financial Analysis;Data analytics,80,ISFP
Male,Zoology,Technology,67,ISFJ
Male,Criminal justice/ law enforcement administration,Litigation & Legal service,75,ISTJ
Male,Electrical and Electronics Engineering,Data analytics;Data scientist;All fields related to Data science.,67,INTJ
Male,Computer Science Engineering ,Technology;Web Designing;Social media marketing,85,Unknown
Male,Computer Science Engineering,Software developer ,72,INTJ
Male,Mechanical Engineering,Research;Teaching;Trading;Data analytics;Govt. Job,72,ISTP
Male,Civil Engineering,"Financial Analysis, Research, Technology, Entrepreneurship",82,ISTJ
Male,Management,Sales/Marketing;Supply Chain Analysis;Game industry;Service,71,ENTJ
Male,Mechanical Engineering,Sports Industry,56,ISTP
Male,Aeronautical,Financial Analysis;Research;Technology;Understand human behaviour,74,INTJ
Male,Accountancy,"Financial Analysis, Take risk for Profits, Trading, Entrepreneurship, Understand Human Behaviour",69,ISTJ
Male,Electronics and Communication Engineering,Technology;Data scientist,67,INTJ
Male,General studies ,Trading;Supply Chain Analysis;Content Writing;Market reserach;Social media marketing,49,ISTP
Male,Mechanical Engineering,Data analytics,59,ISTP
Female,Computer Science,Data scientist,65,INTJ
Male,Computer Science Engineering,"Technology, Trading, Entrepreneurship",89,INTJ
Male,Electrical and Electronics Engineering,Technology,79,INTJ
Male,Computer Science ,Financial Analysis;Research;Technology;Web Designing;Data analytics;Game industry,80,Unknown
Male,Mass communication,News Coverage;Technology;Content Writing;Govt. Job;Game industry;Digital marketing;Social media marketing,78,ENFP
Male,Computer engineering,Technology;Data analytics;Data scientist,67,INTJ
Male,Mechanical Engineering,"Financial Analysis, Social Justice, Trading, Entrepreneurship",69,ISTP
Male,Genetic Engineering,"Research,Understand human body,BioTechnology",67,INTJ
Male,Computer Science Engineering,"Data analytics,Machine Learning,Cloud computing",82,INTJ
Male,Hospital administration,Financial Analysis;Sales/Marketing;Supply Chain Analysis,70,ESFJ
Male,Sales & Marketing,Sales/Marketing,66,ESFJ
Male, Management,Sales/Marketing;SAP Consultant in MM;Product Life cycle Management,68,ENTJ
Male,Commerce ,Web Designing;Data analytics;Game industry;Digital marketing;Data scientist,72,ESTJ
Male,Commerce ,Research;Sales/Marketing;Teaching;Technology;Trading;Web Designing;Data analytics;Game industry;Digital marketing;Data scientist,72,ESTJ
Male,Architecture,Research,60,INTJ
Female,Information Technology,Technology;Understand human behaviour;Data analytics;Web development,83,INTP
Male,Finance,Financial Analysis;Sports Industry,60,ISTJ
Male,Civil Engineering,Financial Analysis;Govt. Job;Project Management,72,ISTJ
Male,Electrical and Electronics Engineering,"Technology,Entrepreneurship",71,INTJ
Female,Physics,Govt. Job,70,INTP
Male,Maths ,Financial Analysis;Teaching;Understand human behaviour,64,INTP
Male,Computer Science Engineering,Financial Analysis;Game industry,71,INTJ
Male,Mathematics ,Sales/Marketing;Trading;Understand human behaviour,60,INTP
Male,Dynamics of machine,Technology;Trading;Product Life cycle Management,76,ISTP
Female,Coding ,Game industry;Design;Navy Defence related,78,ISTP
Female,business administration,Market reserach;Human Resource,81,ENTJ
Male,Instrumention Engineering,Entrepreneurship,61,ISTP
Female,Accountancy & Finance,Financial Analysis,73,ISTJ
Female,Marketing,News Coverage;Research;Social Justice;Technology;Understand human behaviour;Govt. Job;Digital marketing,58,ESFJ
Male,Electrical and Electronics Engineering,Technology;Trading;Data scientist,67,INTJ
Male,Electrical and electronic Engineering,Technology;Trading;Govt. Job;Infrastructure;Social causes,63,INTJ
Female,Electronics and Communication Engineering,Financial Analysis;Technology;Data analytics,80,INTJ
Female,Electronics and Communication Engineering,Financial Analysis;Technology;Data analytics,80,INTJ
Female,Computer Science Engineering,"Sales/Marketing, Technology, Entrepreneurship, Understand Human Behaviour",71,INTJ
Male,Electronics and communication Engineering,"Research, Technology, Entrepreneurship",81,INTJ
Male,Electrical and Electronics Engineering,Software Job,73,INTJ
Male,Automobile Engineering,Entrepreneurship,66,ESTP
Female,Computer Science Engineering,Technology,64,INTJ
Female,Electronics and Communication Engineering,Research;Social Justice;Teaching;Technology;Web Designing;Content Writing;Data analytics;Game industry;Data scientist;Market reserach;Gardening,75,INTJ
Male,Electronics n Telecommunication,Financial Analysis;Data analytics,67,INTJ
Female,Electrical and Electronics Engineering,Technology,86,INTJ
Male,Mechanical Engineering,Technology,72,ISTP
Male,Computer Science Engineering,Technology;Data analytics;Data scientist,77,INTJ
Male,Computer Science Engineering,Technology;Data analytics,79,INTJ
Male,Electrical and Electronics Engineering,Social Justice;Technology;Understand human behaviour;Data analytics;Game industry,84,INTJ
Male,Law,Litigation & Legal service,68,INTJ
Male,Mechanical Engineering,Technology;Data analytics;Data scientist;Oil and Gas,65,ISTP
Male,Mechanical Engineering,Research;Technology,85,ISTP
Male,Mechanical Engineering,Technology,76,ISTP
Male,Chemical Engineering,Industires,79,INTJ
Male,Bcom-Accounting,"Financial Analysis,Financial Law",66,ISTJ
Male,Sales & Marketing,"Sales/Marketing, Trading, Entrepreneurship",75,ESFJ
Male,Political science,News Coverage;Research;Content Writing;Govt. Job,58,INTJ
Male,Accountancy,Financial Analysis,87,ISTJ
Male,Automobile Engineering,"News Coverage, Research, Sales/Marketing, Entrepreneurship",76,ESTP
Male,Automobile Engineering,Technology,80,ESTP
Male,Computer Applications,"Technology, Entrepreneurship, Understand Human Behaviour, Understand Human Body",66,INTP
Female,Agriculture,"Research, Teaching",86,ISTP
Male,Mechanical Engineering,Industires;Design,86,ISTP
Male,ArchitectureÃŠ,"Research, Sales/Marketing, Understand Human Behaviour, Architecture and construction ",71,INTJ
Male,Mathematics ,Financial Analysis;Research;Technology;Supply Chain Analysis,76,INTP
Male,Mathematics,"Financial Analysis, Technology",80,INTP
Prefer not to say,Mathematics,Teaching;Data analytics,60,INTP
Male,Mechanical Engineering,Technology,72,ISTP
Male,Political Science,"Financial Analysis, Sales/Marketing, Trading",53,INTJ
Male,Mechanical Engineering,Technology,77,ISTP
Male,Mechanical Engineering,Financial Analysis;Data analytics;Data scientist,62,ISTP
Male,Information Technology,Technology,58,INTP
Male,Accounts,Financial Analysis;Sales/Marketing;Data analytics,75,ISTJ
Male,Electrical and Electronics Engineering,Technology;Govt. Job;Web development;Service;Information Technology,65,INTJ
Male,Human Resources,Research;Sales/Marketing;Teaching;Technology;Trading;Digital marketing;Market reserach;Compering,79,ESFJ
Male,Electronics and Communication Engineering,Web Designing;Digital marketing;Industires;Design;Blockchain,75,INTJ
Male,Civil Engineering,Data Analyst,73,ISTJ
Male,Electronics and Communication Engineering,Content Writing;Game industry;Digital marketing;Market reserach,65,INTJ
Female,Electronics and Communication Engineering,Data Analytics,76,INTJ
Male,Mathematics,Data analytics,71,INTP
Male,Mechanical Engineering,Financial Analysis,69,ISTP
Female,Mechanical Engineering,"Research, Product analysis ",75,ISTP
Male,Data science ,Technology;Trading;Data analytics;Data scientist;Information Technology,66,INTJ
Female,Commerce ,Financial Analysis;Data analytics,89,ESTJ
Male,Maths,"Technology, Trading",66,INTP
Male,Construction,Game industry,66,ISTP
Male,Electrical and Electronics Engineering,Data analytics,63,INTJ
Male,Automobile Engineering,"Financial Analysis, Technology, Entrepreneurship",71,ESTP
Male,Economics,Web Designing;Data analytics;Web development,61,INTJ
Female,Electrical and Electronics Engineering,Teaching,67,INTJ
Female,Electrical and Electronics Engineering,"Financial Analysis, Research, Teaching, Technology, Data Science",71,INTJ
Female,Commerce,"Financial Analysis, Research, Sales/Marketing, Take risk for Profits, Teaching, Technology, Trading, Entrepreneurship, Understand Human Behaviour",75,ESTJ
Female,Computer Science Engineering,Technology,50,INTJ
Female,Computer Science Engineering,Technology,69,INTJ
Female,Biotechnology,"Research,Understand human body,BioTechnology",84,INTP
Female,BA in Home Science,Research;Social Justice;Understand human behaviour;Content Writing;Govt. Job;Home interior design;Gardening;Infrastructure;Social causes,75,ISFJ
Female,"English, ecoNAmics",Teaching,60,ISFJ
Male,Mechanical Engineering,Research;Technology;Trading;Data analytics;Game industry,83,ISTP
Male,Python ,Research;Technology;Trading;Supply Chain Analysis;Web Designing;Data analytics;Retailer;Data scientist;Web development;All fields related to Data science.;Information Technology;Machine Learning;Excel,72,INTP
Male,Electrical Engineering,All fields related to Data science.,68,INTJ
Female,Mathematics,Data scientist,53,INTP
Female,Information TechNAlogy,Writing,77,INTP
Male,Management,"Financial Analysis, News Coverage, Entrepreneurship, Understand Human Behaviour",71,ENTJ
Female,B.com,Financial Analysis,60,ISTJ
Male,Economics,Financial Analysis;Research;Data analytics;Data scientist,76,INTJ
Male,Principal of business management,News Coverage;Research;Trading;Understand human behaviour;Content Writing;Data analytics;Game industry,89,ENTJ
Male,Computer Science Engineering,News Coverage;Teaching;Technology,66,INTJ
Male,Electronics and Communication Engineering,"VLSI,Technology",69,INTJ
Male,Electrical and Electronics Engineering,Further Studies,81,INTJ
Male,Computer Science Engineering,Technology;Data analytics;Data scientist;All fields related to Data science.,51,INTJ
Female,Computer Science Engineering,Teaching;Technology;Service;Social causes;Information Technology,76,INTJ
Male,Mechanical Engineering,Technology,76,ISTP
Female,Civil Engineering,Hr,78,ISTJ
Male,Mechanical Engineering,Technology;Industires,70,ISTP
Female,Accountancy,Financial Analysis,57,ISTJ
Male,Computer Science Engineering,"Machine Learning,All fields related to Data science",71,INTJ
Male,Computer Science,Data scientist,60,INTJ
Male,Computer Science Engineering,Web Designing;Data analytics;Data scientist,65,INTJ
Male,Electronics & Telecommunications ,"Cyber Security,Technology,Data analytics,Machine Learning,Cloud computing",82,INTJ
Male,Automobile Engineering,"Technology, Racing ",67,ESTP
Male,Mechanical Engineering,Research;Teaching,72,ISTP
Female,English literature ,Govt. Job,64,ISFJ
Female,Mathematics,Research;Web Designing;Data analytics;Govt. Job;Digital marketing;Data scientist;Web development;All fields related to Data science.;Information Technology;Machine Learning,79,INTP
Female,C language,Govt. Job,75,ISTP
Male,Civil Engineering,Teaching;Technology;Web Designing;Data analytics;Game industry;Home interior design;Data scientist;Web development;Infrastructure,76,ISTJ
Female,Electronics and Communication Engineering,Technology,76,INTJ
Female,Electrical and Electronics Engineering,Software Job,66,INTJ
Male,Electrical and Electronics Engineering,Software Job,66,INTJ
Male,Automobile Engineering,Social Justice,82,ESTP
Female,Physics,Teaching,75,INTP
Male,Mathematics,"Financial Analysis, Teaching, Trading, Understand Human Behaviour, Understand Human Body",58,INTP
Male,Sales & Marketing,"Sales/Marketing, Social Justice",87,ESFJ
Male,NAn Coal,Industires,69,ISTP
Male,Electronics and Communication Engineering,Data analytics,68,INTJ
Male,Electrical and Electronics Engineering,News Coverage;Research;Social Justice;Teaching;Technology,77,INTJ
Male,Electronics and Communication Engineering,"Industires,Teaching,Technology",68,INTJ
Male,Civil structural,Financial Analysis;Research;Data analytics;Web development,72,ISTJ
Female,Mechania,"Research, Entrepreneurship",90,ISTP
Male,Electrical and Electronics Engineering,Technology,80,INTJ
Male,Data Warehousing & Data Mining,"Financial Analysis, Research, Sales/Marketing, Technology, Entrepreneurship",71,ISTJ
Male,Computer Science Engineering,Technology,66,INTJ
Female,Information TechNAlogy,Financial Analysis,75,INTP
Male,Civil Engineering,Data analytics,70,ISTJ
Male,M.com(Management and marketing),Financial Analysis;Sales/Marketing;Govt. Job;Digital marketing,65,ENTJ
Female,Electronics and Communication Engineering,"Understand Human Behaviour, Understand Human Body",70,INTJ
Female,Commerce,Financial Analysis;Research;Social causes,69,ESTJ
Male,business administration,Human Resource,74,ENTJ
Male,Computer Science Engineering,Web Designing;Data analytics;Govt. Job;Data scientist,62,INTJ
Male,Computer Science Engineering,"Research, Technology",73,INTJ
Female,Computer Science Engineering,Financial Analysis;News Coverage;Sales/Marketing;Understand human behaviour;Supply Chain Analysis;Content Writing;Data analytics;Govt. Job;Digital marketing;Retailer;Data scientist;Social media marketing;Infrastructure;Industires;Product Life cycle Management;Navy Defence related,60,INTJ
Male,"Mathematics , Computer",Game industry,75,INTP
Male,Accountancy,"Financial Analysis, Sales/Marketing",58,ISTJ
Female,Commerce,Entrepreneurship,87,ESTJ
Male,Statistics,"Technology, Analysis",71,INTP
Male,Electrical and Electronics Engineering,"Industires,Technology",76,INTJ
Male,Electrical and Electronics Engineering,Data Analytics,66,INTJ
Male,Mechanical Engineering,Financial Analysis;Research;Technology;Understand human behaviour;Data analytics;Govt. Job;Data scientist;All fields related to Data science.;Information Technology;Navy Defence related;Sports Industry,63,ISTP
Male,Business Administration,Sales/Marketing,76,ENTJ
Male,general,Social Justice;Home interior design;Information Technology,66,ISTP
Female,Biotechnology,"Teaching, Technology",74,INTP
Female,Agriculture,Sales/Marketing;Supply Chain Analysis,70,ISTP
Male,Hospitality,"Financial Analysis, Research, Technology, Understand Human Behaviour",74,ESFP
Male,Chemical Engineering,"Financial Analysis, News Coverage, Research, Social Justice, Teaching, Technology, Understand Human Behaviour",71,INTJ
Female,Sales & Marketing,Teaching,75,ESFJ
Male,Sociology,Technology;Web Designing;Data analytics;Game industry,69,ISFJ
Male,Sociology,Technology,66,ISFJ
Female,Literature,"Research, Teaching",66,ISFP
Female,Computer,Technology;Web Designing,77,INTJ
Female,Electronics and Communication Engineering,Data scientist,71,INTJ
Female,Mechanical Engineering,News Coverage,70,ISTP
Female,Computer Science Engineering,Research;Technology;Data analytics;Data scientist;All fields related to Data science.,69,INTJ
Male,BBA ,Sales/Marketing;Social Justice;Home interior design;Market reserach;Social media marketing,66,ESTJ
Male,Mathematics,Data analytics;Market reserach;Industires;Product Life cycle Management;Sports Industry,70,INTP
Male,Statistics,Financial Analysis,71,INTP
Male,Plastic Design,Design,68,ISTP
Male,Mechanical Engineering ,Data analytics,72,ISTP
Male,Mechanical Engineering,Research;Technology;Trading;Understand human behaviour;Supply Chain Analysis,77,ISTP
Male,Electrical and Electronics Engineering,Teaching,67,INTJ
Male,Mechanical Engineering,Design,68,ISTP
Female,Chemistry,Teaching,86,INTP
Male,Computer Science Engineering ,Technology;Game industry;Market reserach;Information Technology,80,Unknown
Male,Computer Applications,Technology;Trading,70,INTP
Female,English,Teaching,71,Unknown
Male,Mechanical Engineering,Trading,60,ISTP
Female,Computer Science Engineering,Technology,74,INTJ
Female,Law,Litigation & Legal service,71,INTJ
Male,Electronics and communication engineering,Technology,70,INTJ
Male,Automobile Engineering,Sales/Marketing,65,ESTP
Male,EcoNAmy ,Financial Analysis;Research;Social Justice;Teaching;Technology;Trading;Understand human behaviour;Understand human body;Supply Chain Analysis;Web Designing,71,INTJ
Male,Mechanical Engineering,Technology,73,ISTP
Male,Computers,Sales/Marketing;Supply Chain Analysis;Data analytics,65,INTJ
Female,home science .,Understand human behaviour;Gardening ,56,ISFJ
Female,"Accounts,public finance,ecoNAmics,business studies",Digital marketing,58,ISTJ
Male,Civil Engineering,Construction;Construction Manegement,65,ISTJ
Male,Civil Engineering,Construction;Construction Manegement;Urban Planning;Project Management,78,ISTJ
Male,Science ,Technology;Data scientist;Information Technology,72,INTP
Male,Computer Science Engineering,Data Analytics,66,INTJ
Male,Electrical and Electronics Engineering,Technology,72,INTJ
Female,Mechanical Engineering,Data analytics;Govt. Job;Data scientist,70,ISTP
Male,EcoNAmics,Research;Sales/Marketing;Digital marketing,60,INTJ
Male,Communication & Political Science,"Sales/Marketing, Entrepreneurship, Understand Human Body",59,ENTP
Male,Electronics and Communication Engineering,Data Analytics,66,INTJ
Male,Electronics and Communication Engineering,"Research, Technology, Entrepreneurship",76,INTJ
Male,Automobile Engineering,Research;Social Justice;Teaching;Technology,78,ESTP
Female,Electronics and Communication Engineering,"Financial Analysis, News Coverage, Research, Sales/Marketing, Technology, Entrepreneurship, Understand Human Behaviour",73,INTJ
Male,Mechanical Engineering,Research;Data analytics;Data scientist;All fields related to Data science.;Industires;Design,69,ISTP
Male,Civil Engineering,Construction;Construction Manegement;Urban Planning,86,ISTJ
Male,Civil Engineering,Infrastructure;Social causes;Industires;Design;Construction;Construction Manegement,91,ISTJ
Male,Mechanical engineering ,Technology;Data analytics,73,ISTP
Female,Literature,Social Justice,76,ISFP
Male,Electrical and Electronics Engineering,Technology;Supply Chain Analysis,79,INTJ
Male,Electrical and Electronics Engineering,Teaching;Technology;Trading,69,INTJ
Male,fmhm,Research;Technology;Trading,67,ISTJ
Female,Electronics and Communication Engineering,Entrepreneurship,74,INTJ
Male,Computer Science Engineering,Technology;Web Designing;Govt. Job;Game industry;Web development,61,INTJ
Male,Computer Science Engineering,Service;Design,61,INTJ
Male,Computer Science Engineering,Network ,61,INTJ
Male,Physics,Technology,80,INTP
Female,General,News Coverage;Data analytics;Govt. Job;Infrastructure,77,ISTP
Male,Mechanical ,Research;Technology;Data analytics;Data scientist,71,ISTP
Male,Commerce,Entrepreneurship,28,ESTJ
Male,Computer Science Engineering,Data analytics;Data scientist;All fields related to Data science.,79,INTJ
Male,Electrical and Electronics Engineering,"Web development,Information Technology,Blockchain,Digital marketing,Game industry",68,INTJ
Male,Electrical and Electronics Engineering,Data Analytics,79,INTJ
Male,Physics,Technology,77,INTP
Female,Computer Science ,Technology,81,Unknown
Female,Business Administration,Understand human behaviour;Retailer;Service;Social causes,77,ENTJ
Female,Science,Understand human body;Content Writing;Digital marketing;Product Life cycle Management,82,INTP
Male,Electronics ,Financial Analysis;Research;Sales/Marketing;Technology;Supply Chain Analysis;Data analytics;Digital marketing;Market reserach;Social media marketing;Machine Learning;Sports Industry;Blockchain;Salesforce Admin;Construction;Construction Manegement,69,INTJ
Male,Automobile Engineering,"Financial Analysis, Sales/Marketing, Technology, Trading, Entrepreneurship",72,ESTP
Male,Automobile Engineering,"News Coverage, Research, Social Justice, Technology, Entrepreneurship, Understand Human Behaviour, Understand Human Body",73,ESTP
Male,Mechanical Machines ,Technology,60,ISTP
Male,Mechanical Engineering,Govt. Job,79,ISTP
Male,Bio technology,Sales/Marketing,60,INTP
Female,Mechanical Engineering,Further Studies,73,ISTP
Male,Computer Science Engineering,Technology,86,INTJ
Female,Accountancy,Financial Analysis,82,ISTJ
Female,Sales & Marketing,"Research, Teaching, Technology, Entrepreneurship",80,ESFJ
Male,Computer Science Engineering,Technology;Web Designing;Content Writing;Data analytics;Data scientist,83,INTJ
Male,Accounts,Financial Analysis,72,ISTJ
Male,Accountancy,Financial Analysis;Sales/Marketing;Technology;Trading;Game industry,62,ISTJ
Female,CEE,Data Analytics,86,INTJ
Female,Computers,Social Justice;Understand human behaviour;Gardening;Social causes;All fields related to Data science.;Information Technology,70,INTJ
Male,Mathematics,Teaching;Govt. Job;Game industry,52,INTP
Male,Computer Science Engineering,Data Analytics,66,INTJ
Male,Mechanical Engineering,Data analytics,78,ISTP
Female,Advertising,Research;Sales/Marketing;Understand human behaviour;Content Writing,83,ENFP
Male,Computer Science Engineering,Software Job,79,INTJ
Female,Elections and telecommunication engineering,Teaching;Understand human behaviour;Web Designing,79,INTJ
Male,Computer Applications,Web development,63,INTP
Male,Accountancy,"Financial Analysis, News Coverage, Research, Sales/Marketing, Trading, Entrepreneurship",81,ISTJ
Male,Computer Science Engineering,Software Job,79,INTJ
Male,Software Development,Financial Analysis;Research;Social Justice;Teaching;Trading;Content Writing,62,INTJ
Male,Mechanical Engineering ,News Coverage;Research;Digital marketing;Home interior design;Data scientist;Web development;Market reserach;Social media marketing,73,ISTP
Female,Computer Science Engineering,Technology,73,INTJ
Female,Computer Science Engineering,Technology;Govt. Job;Data scientist,70,INTJ
Female,Computer Applications,Teaching,66,INTP
Male,Mechanical Engineering,Supply Chain Analysis;SAP Consultant in MM,61,ISTP
Male,Computer Science Engineering,Data Analytics,74,INTJ
Male,Civil Engineering ,Social Justice;Technology;Govt. Job;Construction;Construction Manegement;Urban Planning ,76,ISTJ
Male,Sociology,Sales/Marketing;Understand human behaviour;Social causes;Customer care,51,ISFJ
Male,Marketing,Sales/Marketing;Data analytics;Digital marketing;Data scientist;Market reserach;Social media marketing;All fields related to Data science.;Machine Learning;Sports Industry;Excel,60,ESFJ
Male,Computer Science Engineering,Software Job,76,INTJ
Female,Computer Science Engineering,Technology,72,INTJ
Female,Electronics and Telecommunication,Sales/Marketing;Technology;Understand human behaviour;Supply Chain Analysis;Data analytics;Govt. Job;Digital marketing;Data scientist;Social media marketing;All fields related to Data science.;Industires;Design;Product Life cycle Management,71,Unknown
Male,Financial Analyst,Financial Analysis,84,Unknown
Male,Psychology,"Research, Social Justice, Understand Human Behaviour, Understand Human Body",86,INFJ
Female,Computer Science Engineering,"Financial Analysis, News Coverage, Research, Sales/Marketing, Social Justice, Take risk for Profits, Teaching, Technology, Trading, Entrepreneurship, Understand Human Behaviour, Understand Human Body",60,INTJ
Male,Office management,News Coverage;Web Designing;Data analytics;Govt. Job;Game industry;Digital marketing;Data scientist;Web development;Social media marketing;Information Technology,60,Unknown
Male,Entc,Technology;Data scientist;Web development;All fields related to Data science.;Information Technology,68,Unknown
Female,Computer Science Engineering,"Financial Analysis, Technology",74,INTJ
Male,Tamil,Teaching,74,Unknown
Male,Programs,Govt. Job,60,Unknown
Female,Physics,Teaching,86,INTP
Female,computer science,Teaching;Data analytics;Data scientist,57,INTJ
Female,Electronics and Communication Engineering,News Coverage;Social Justice;Teaching;Trading;Understand human body;Content Writing,61,INTJ
Male,Computer Science Engineering,"Cyber Security,Technology,Data analytics,Machine Learning,Cloud computing",77,INTJ
Male,Automobile Engineering,"Social Justice, Take risk for Profits, Technology, Entrepreneurship, Understand Human Behaviour",80,ESTP
Female,Marketing,Research;Technology;Trading;Understand human behaviour;Content Writing;Data analytics;Govt. Job;Digital marketing;Home interior design;Social media marketing;Gardening;Infrastructure;Information Technology,50,ESFJ
Female,Electronic and Communication Engineering,Financial Analysis;Teaching;Data analytics;Govt. Job;Data scientist;Excel,75,Unknown
Female,Journalism ,Sales/Marketing;Social Justice;Understand human behaviour;Content Writing;Digital marketing;Social media marketing,68,Unknown
Male,Computer Applications,Technology,76,INTP
Female,Electronics and telecommunication,Technology,62,INTJ
Female,Hospitality,"Teaching, Technology",77,ESFP
Female,Microbiology genetics,Research,96,ISTJ
Female,Information TechNAlogy,Financial Analysis,70,INTP
Male,Commerce,"Financial Analysis, Entrepreneurship",79,ESTJ
Male,Mechanical Engineering,Technology,68,ISTP
Female,Computer Science Engineering,Govt. Job,65,INTJ
Female,BiotechNAlogy,"Research,Understand human body,BioTechnology",86,INTP
Male,Information Technology,Web development;Information Technology,75,INTP
Female,Computer Science Engineering,Research;Technology;Data scientist,80,INTJ
Female,Mechanical Engineering,"Technology,Trading",74,ISTP
Female,Electrical and Electronics Engineering,Technology,75,INTJ
Female,Computer Science Engineering,Technology,70,INTJ
Male,Automobile Engineering,Teaching;Technology;Content Writing;Govt. Job;Industires;Sports Industry;Oil and Gas;Excel,83,ESTP
Male,Pharmaceutical sciences,Data analytics;Game industry;Data scientist;Information Technology,62,ISTJ
Male,Mining ,Data scientist,76,ISTP
Male,Mechanical engineering ,Technology,83,ISTP
Male,B.tech,Electronics and communication Engineering,74,INTJ
Male,Automobile Engineering,Trading,66,ESTP
Female,Electronics and Communication Engineering,Financial Analysis;Teaching;Technology;Trading;Data analytics;Home interior design;Data scientist,66,INTJ
Male,Computer Science Engineering,"Technology,Data analytics,Machine Learning,Cloud computing,Cyber Security",80,INTJ
Male,Electrical and Electronics Engineering,Technology;Industires;Design,80,INTJ
Female,Computer Science ,Teaching;Game industry;All fields related to Data science.,65,Unknown
Male,Chemistry,"Sales/Marketing, Take risk for Profits",67,INTP
Male,Computer Science Engineering,Research;Technology;Data analytics,84,INTJ
Male,Law,Social Justice;Social causes,71,INTJ
Male,Computer Science Engineering,Technology;Data analytics;Data scientist;All fields related to Data science.,71,INTJ
Male,Mechanical engineering ,Financial Analysis;Research;Technology;Trading;Supply Chain Analysis;Web Designing;Data analytics;Data scientist,73,ISTP
Male,Computer Science Engineering,"Financial Analysis, Research, Technology, Trading",86,INTJ
Male,Information Technology,Entrepreneurship,74,INTP
Male,Computer Science Engineering ,Technology;Web Designing;Data analytics;Game industry;Data scientist;Web development,86,Unknown
Female,Computer Science Engineering,"Research, Technology, Entrepreneurship",66,INTJ
Female,Computer Science Engineering,"Technology,Teaching",70,INTJ
Female,Political science,Govt. Job,45,INTJ
Male,Mar,Sales/Marketing,60,INTJ
Female,Civil Engineering,Teaching,77,ISTJ
Male,Electronics and Communication Engineering,"Technology,Teaching",81,INTJ
Male,Marketing ,Research;Sales/Marketing;Supply Chain Analysis,76,ESFJ
Male,Human Resource,Human Resource ,71,ESFJ
Male,Accountancy,Financial Analysis,65,ISTJ
Female,Human Resource,Content Writing;Market reserach,74,ESFJ
Female,Computer Science Engineering,Technology,65,INTJ
Female,Hospitality,Research,71,ESFP
Female,Chemistry,Research,81,INTP
Male,Mechanical Engineering,Financial Analysis;News Coverage;Research;Technology;Understand human behaviour;Supply Chain Analysis;Market reserach;Industires,65,ISTP
Male,Mechanical Engineering,Trading;Data scientist,62,ISTP
Male,"History, sociology,",Research;Sales/Marketing;Trading;Digital marketing;Social media marketing;Customer care,58,ISFJ
Male,Accounts and Statistics,Financial Analysis;Research;Teaching;Understand human behaviour;Understand human body;Data analytics;Data scientist;Market reserach;All fields related to Data science.,50,ISTJ
Female,Biotechnology,Technology,86,INTP
Female,History,"News Coverage, Teaching",68,ISFJ
Male,Automobile Engineering,Technology,65,ESTP
Female,Electronics and Communication Engineering,Technology;Data analytics;Data scientist,69,INTJ
Female,Electrical and Electronics Engineering,"Sales/Marketing, Technology, Entrepreneurship",75,INTJ
Female,Electronic and telecommunications ,Research;Social Justice;Teaching;Content Writing;Govt. Job;Home interior design,90,INTJ
Female,Mechanical Engineering,Research;Social Justice;Teaching;Govt. Job;Social causes;Design,68,ISTP
Male,Computer Science Engineering,Data analytics;Data scientist;Machine Learning,56,INTJ
Male,Accountancy,Research,71,ISTJ
Male,Automobile ,Technology,64,ESTP
Female,Mechanical Engineering,Financial Analysis,76,ISTP
Male,Accounting  and Finance,Data scientist,74,ISTJ
Male,Information Technology,Financial Analysis;News Coverage;Supply chain analysis,80,INTP
Male,Statistics,Financial Analysis,72,INTP
Female,Information Technology,Data analytics;Digital marketing;Data scientist,78,INTP
Female,Information Technology,Research,79,INTP
Female,"C, C++, java, SQL, MYSql, Unix, Html, Mathematics, Statistics","Technology, Entrepreneurship",69,ISTP
Male,Design,"Financial Analysis, Research",66,ISTP
Male,Electrical and Electronics Engineering,Research;Technology;Web Designing;Data analytics;Govt. Job,76,INTJ
Male,Mechanical Engineering,Design ,71,ISTP
Male,Data Structures & Algorithm,Research;Social Justice;Teaching;Technology;Trading;Web Designing;Data analytics,72,ISTP
Male,Computer Science Engineering,Data scientist,82,INTJ
Male,Electrical and Electronics Engineering,"Technology, Understand Human Behaviour, Understand Human Body",62,INTJ
Male,Electrical and Electronics Engineering,Supply Chain Analysis;Data analytics,64,INTJ
Male,Computer Applications,Software Job,79,INTP
Male,Civil Engineering,Software Job,66,ISTJ
Male,Mechanical Engineering,Technology,56,ISTP
Male,Electronics and communication Engineering,Technology;Design;Information Technology,65,INTJ
Male,Business,"Supply Chain Analysis;Gardening;Service;Industires;Agriculture, services",64,ENTJ
Female,Computer Science Engineering,"Financial Analysis, Sales/Marketing, Technology, Trading",76,INTJ
Male,Electronics and Communication Engineering,Service,63,INTJ
Male,Civil engineering,"Web development,Social causes,All fields related to Data science,Machine Learning,Data scientist",77,ISTJ
Male,Mechanical Engineering,Teaching,74,ISTP
Male,Mechanical Engineering,Technology,75,ISTP
Male,Electronics and telecommunication ,Data Analytics,66,INTJ
Male,Media Management,Sales/Marketing;Technology;Content Writing;Market reserach,70,ENTJ
Female,Computer Science Engineering,Data analytics,73,INTJ
Male,Mechanical Engineering,News Coverage;Understand human behaviour;Govt. Job,72,ISTP
Female,Automobile Engineering,Data scientist;Web development;Machine Learning,86,ESTP
Male,Mechanical Engineering,Technology;Data analytics;Data scientist,71,ISTP
Male,Business Administration,"Research, Social Justice",70,ENTJ
Male,Civil Engineering,"Financial Analysis, Take risk for Profits, Technology, Entrepreneurship",69,ISTJ
Male,Computer Science Engineering,"Financial Analysis, Trading",68,INTJ
Male,Information TechNAlogy,Technology;Understand human behaviour;Govt. Job;Infrastructure;Design;Construction;Construction Manegement,78,INTP
Female,Electronics and Communication Engineering,Technology,62,INTJ
Male,Computer Science Engineering,Technology,61,INTJ
Male,Accountancy,Data analytics,56,ISTJ
Male,Geography ,Technology;Govt. Job;Sports Industry,62,ISFP
Male,Computer Applications,News Coverage;Research;Teaching;Market reserach;Infrastructure;Social causes;Industires,63,INTP
Male,Business,Retailer,59,ENTJ
Female,Automobile Engineering,Data analytics;Data scientist,78,ESTP
Female,Cse,Understand human behaviour;Market reserach;Na,60,INTJ
Male,Sales & Marketing,Entrepreneurship,69,ESFJ
Female,Structure ,Technology;Understand human body;Web Designing;Web development,66,INTJ
Male,Chemical Engineering,"News Coverage, Sales/Marketing, Take risk for Profits, Trading",58,INTJ
Male,Management,Trading;Customer care,71,ENTJ
Male,Electronics and computer engineering,Technology;Social causes,82,INTJ
Male,Computer Science ,Sales/Marketing;Market reserach,78,Unknown
Female,Electronics and Communication Engineering,Web Designing;Data analytics;Data scientist,84,INTJ
Female,Commerce,Research;Understand human behaviour;Content Writing;Design;Information Technology,81,ESTJ
Female,History,Data scientist,67,ISFJ
Female,Business Studies,Sales/Marketing,64,ENTJ
Female,Computer Science Engineering,Teaching,98,INTJ
Female,EcoNAmics,Financial Analysis;Social Justice;Content Writing;Social media marketing,71,INTJ
Female,Electrical engineering ,"Technology, Understand Human Behaviour",76,ISTJ
Female,Computer Science Engineering,Teaching;Govt. Job,62,INTJ
Male,Computer Applications,Govt. Job;Industires;SAP Consultant in MM,64,INTP
Male,Instrumentation,Design;Salesforce Admin,73,ISTP
Male,Electrical and Electronics Engineering,Testing,57,INTJ
Male,Electrical and Electronics Engineering,Technology;Industires;Design,76,INTJ
Male,Computer Science Engineering,"Research;Teaching;Technology;Data analytics;Agriculture, services",77,INTJ
Male,Computer science and engineering ,Teaching,74,INTJ
Male,Computer Science ,Machine Learning,87,Unknown
Male,Computer Science ,Technology;Web Designing,64,Unknown
Male,marketing,Web Designing,67,ESFJ
Male,Electronics and Communication Engineering,Web development;Information Technology,67,INTJ
Male, Computer Applications,Sales/Marketing;Supply Chain Analysis;Data analytics,55,INTP
Male,Computers,"Trading, Entrepreneurship, Understand Human Behaviour",74,INTJ
Female,Computer Science Engineering,Teaching,82,INTJ
Female,Mechanical Engineering,Technology;Web Designing;Data analytics,80,ISTP
Male,Marketing ,Game industry,71,ESFJ
Male,Mechanical Engineering,"Financial Analysis, News Coverage, Social Justice, Entrepreneurship, Understand Human Behaviour, Understand Human Body",76,ISTP
Male,Electrical and Electronics Engineering,Technology;Data analytics;Digital marketing;Data scientist;Web development;Social media marketing;Information Technology,50,INTJ
Male,"Physics, Chemistry and Mathematics",Research;Technology;Data analytics;Data scientist,69,INTP
Female,English,"Technology, Entrepreneurship",78,Unknown
Male,Mechanical Engineering,Data analytics;Data scientist,55,ISTP
Male,NAthing ,Financial Analysis;Trading,57,ISTP
Male,Commerce ,Content Writing;Data analytics;Data scientist;Industires,61,ESTJ
Male,Computer Science Engineering,Teaching,54,INTJ
Male,Computer Science Engineering,Govt. Job,59,INTJ
Male,Mechanical Engineering,Web Designing;Information Technology,52,ISTP
Female,Statistics,Research;Data analytics;Web development;Social media marketing;Social causes;Industires;Sports Industry,81,INTP
Female,Automobile Engineering,Industires;Design,68,ESTP
Female,Mechanical Engineering ,Financial Analysis;Research;Sales/Marketing;Teaching;Technology;Supply Chain Analysis;Data analytics;Data scientist,65,ISTP
Male,Mechanical Engineering,Entrepreneurship,72,ISTP
Female,History,Research;Teaching;Supply Chain Analysis;Gardening;Social causes;Industires,71,ISFJ
Male,Graphics,Technology;Trading;Data analytics;Industires,71,ISTP
Male,Mechanical enggineering,Teaching;Trading;Supply Chain Analysis;Data analytics;Market reserach,50,ISTP
Male,Agriculture BiotechNAlogy,Web Designing;Design,67,INTP
Male,Mathematics,Research;Sales/Marketing;Market reserach,65,INTP
Female,Commerce,Research,82,ESTJ
Female,Information TechNAlogy ,Research;Govt. Job,76,INTP
Female,Statistics,Understand Human Behaviour,81,INTP
Female,Civil Engineering,Technology;Web Designing;Data analytics,81,ISTJ
Male,Data Structures & Algorithm,Financial Analysis;Govt. Job;Social media marketing,79,ISTP
Male,Civil Engineering,Data analytics,66,ISTJ
Male,computers,Data Analytics,66,INTJ
Female,"Statistics,Mathematics,Computers",Financial Analysis;Govt. Job,75,INTP
Female,Statistics,Content Writing;Data analytics;Govt. Job;Data scientist;Gardening;Service;All fields related to Data science.,63,INTP
Female,Information Technology,Financial Analysis;Research;Data analytics;Data scientist,84,INTP
Female,Computer Science Engineering,Data Analyst ,84,INTJ
Male,Business Management ,Technology,80,ENTJ
Male,Business Management ,Financial Analysis;Technology,74,ENTJ
Female,Mechanical Engineering,Sales/Marketing;Sports Industry;Customer care,72,ISTP
Female,Computer Science Engineering,Sales/Marketing;Sports Industry;Customer care,72,INTJ
Male,Bbb,"Financial Analysis, Technology, Trading, Entrepreneurship, Understand Human Behaviour",79,ISTP
Male,Electronics and Communication Engineering,"Web development,Information Technology,Blockchain",79,INTJ
Male,Commerce,Financial Analysis;Research;Sales/Marketing;Teaching;Trading;Understand human body;Web Designing;Data analytics;Digital marketing;Retailer;Web development;Gardening;Service;Infrastructure,76,ESTJ
Male,Electronics & Telecommunications ,Data Analytics,77,INTJ
Male,Computer Science Engineering,Financial Analysis,83,INTJ
Male,Electrical and Electronics Engineering,Product Life cycle Management,73,INTJ
Male,Coding,Technology,67,ISTP
Male,Electronics and Communication Engineering,Technology,72,INTJ
Male,Computer Science Engineering,Technology,81,INTJ
Male,Animation & Visual Effects,Technology;Content Writing,59,ISFP
Male,Computer Science,"Financial Analysis, Technology",57,INTJ
Male,Animation & Visual Effects,Animation,76,ISFP
